{
  "type": "panel",
  "name": "Grouped Bar Chart",
  "id": "grafana-groupedbarchart-panel",

  "info": {
    "description": "Grouped bar chart panel for grafana",
    "author": {
      "name": "gipong",
      "url": "https://github.com/gipong/grafana-groupedbarchart-panel.git"
    },
    "keywords": ["groupedBarChart", "panel"],
    "logos": {
      "small": "src/img/groupedBarChart_logo_small.png",
      "large": "src/img/groupedBarChart_logo_large.png"
    },
    "links": [
      {"name": "Project site", "url": "https://github.com/gipong/grafana-groupedbarchart-panel.git"}
    ],
    "screenshots": [
      {"name": "Grouped bar chart", "path": "src/img/groupedbarchart.png"},
      {"name": "metrics", "path": "src/img/groupedbarchart-metrics.png"},
      {"name": "options", "path": "src/img/groupedbarchart-options.png"},
      {"name": "colors", "path": "src/img/groupedbarchart-colors.png"}
    ],
    "version": "1.0.3",
    "updated": "2020-03-16"
  },

  "dependencies": {
    "grafanaVersion": "4.6",
    "plugins": [ ]
  }
}
